<?xml version="1.0"?>
<config xmlns:xsi="http://www.w3.org/2001/XMLSchema-instance" xsi:noNamespaceSchemaLocation="urn:magento:module:Magento_Config:etc/system_file.xsd">
    <system>
        <tab id="task" translate="label" sortOrder="10000">
            <label>Task</label>
        </tab>
        <section id="task" translate="label" sortOrder="10" showInDefault="1" showInWebsite="0" showInStore="0">
            <label>Task</label>
            <tab>task</tab>
            <resource>Task_Listing::task</resource>
            <group id="general" translate="label" sortOrder="10" showInDefault="1" showInWebsite="0" showInStore="0">
                <label>Item creation by schedule</label>
                <field id="enabled" translate="label" type="select" sortOrder="10" showInDefault="1" showInWebsite="0" showInStore="0">
                    <label>Enabled</label>
                    <source_model>Magento\Config\Model\Config\Source\Yesno</source_model>
                </field>
                <field id="cron_expression" translate="label" type="text" sortOrder="20" showInDefault="1" showInWebsite="0" showInStore="0" canRestore="1">
                    <label>Add Item Cron Expression</label>
                </field>
            </group>
        </section>
    </system>
</config>